{"fonts/Bevan-Regular.ttf":["fonts/Bevan-Regular.ttf"],"packages/cupertino_icons/assets/CupertinoIcons.ttf":["packages/cupertino_icons/assets/CupertinoIcons.ttf"],"fonts/Friz%20Quadrata%20Std%20Italic.otf":["fonts/Friz%20Quadrata%20Std%20Italic.otf"],"fonts/Roboto-Medium.ttf":["fonts/Roboto-Medium.ttf"],"assets/c_data.json":["assets/c_data.json"],"assets/c_plusplusdata.json":["assets/c_plusplusdata.json"],"data.json":["assets/data.json"],"assets/data.json":["assets/data.json"],"packages/font_awesome_flutter/lib/fonts/fa-brands-400.ttf":["packages/font_awesome_flutter/lib/fonts/fa-brands-400.ttf"],"packages/font_awesome_flutter/lib/fonts/fa-regular-400.ttf":["packages/font_awesome_flutter/lib/fonts/fa-regular-400.ttf"],"packages/font_awesome_flutter/lib/fonts/fa-solid-900.ttf":["packages/font_awesome_flutter/lib/fonts/fa-solid-900.ttf"],"flutter_data.json":["assets/flutter_data.json"],"assets/flutter_data.json":["assets/flutter_data.json"],"js_data.json":["assets/js_data.json"],"assets/js_data.json":["assets/js_data.json"],"assets/images/logo.png":["assets/images/logo.png"],"images/logo.png":["images/logo.png"],"images/logo2.jpg":["images/logo2.jpg"],"images/matrix.jpg":["images/matrix.jpg"],"assets/mysql_data.json":["assets/mysql_data.json"],"assets/fonts/overpass_regular.otf":["assets/fonts/overpass_regular.otf"],"php_data.json":["assets/php_data.json"],"assets/php_data.json":["assets/php_data.json"],"assets/python_data.json":["assets/python_data.json"],"react_data.json":["assets/react_data.json"],"assets/react_data.json":["assets/react_data.json"],"assets/images/search_white.png":["assets/images/search_white.png"],"assets/images/send.png":["assets/images/send.png"]}